{
  "main": {
    "id": "b22b3fd896cf67bf",
    "type": "split",
    "children": [
      {
        "id": "62a510a8ac81113c",
        "type": "tabs",
        "children": [
          {
            "id": "a2107e27a40c947f",
            "type": "leaf",
            "state": {
              "type": "markdown",
              "state": {
                "file": "游玩人物卡/剧终.md",
                "mode": "source",
                "backlinks": false,
                "source": false
              }
            }
          }
        ]
      }
    ],
    "direction": "vertical"
  },
  "left": {
    "id": "d9f1738fe17e3849",
    "type": "split",
    "children": [
      {
        "id": "bcfae50462965f7c",
        "type": "tabs",
        "children": [
          {
            "id": "ab34a5cb053beb7f",
            "type": "leaf",
            "state": {
              "type": "file-explorer",
              "state": {
                "sortOrder": "alphabetical"
              }
            }
          },
          {
            "id": "5c534df59aa4de15",
            "type": "leaf",
            "state": {
              "type": "search",
              "state": {
                "query": "",
                "matchingCase": false,
                "explainSearch": false,
                "collapseAll": false,
                "extraContext": false,
                "sortOrder": "alphabetical"
              }
            }
          },
          {
            "id": "3053d2af56c7f3a0",
            "type": "leaf",
            "state": {
              "type": "bookmarks",
              "state": {}
            }
          }
        ]
      }
    ],
    "direction": "horizontal",
    "width": 300
  },
  "right": {
    "id": "55b33ad38465376a",
    "type": "split",
    "children": [
      {
        "id": "f01df24e785c632c",
        "type": "tabs",
        "children": [
          {
            "id": "863b064eb540e917",
            "type": "leaf",
            "state": {
              "type": "backlink",
              "state": {
                "file": "游玩人物卡/剧终.md",
                "collapseAll": true,
                "extraContext": false,
                "sortOrder": "alphabetical",
                "showSearch": false,
                "searchQuery": "",
                "backlinkCollapsed": false,
                "unlinkedCollapsed": true
              }
            }
          },
          {
            "id": "30a4caea5c18a0c1",
            "type": "leaf",
            "state": {
              "type": "outgoing-link",
              "state": {
                "file": "游玩人物卡/剧终.md",
                "linksCollapsed": false,
                "unlinkedCollapsed": true
              }
            }
          },
          {
            "id": "bfd24884c93897fa",
            "type": "leaf",
            "state": {
              "type": "tag",
              "state": {
                "sortOrder": "frequency",
                "useHierarchy": true
              }
            }
          },
          {
            "id": "564a0d3aac6bc7ee",
            "type": "leaf",
            "state": {
              "type": "outline",
              "state": {
                "file": "游玩人物卡/剧终.md"
              }
            }
          }
        ]
      }
    ],
    "direction": "horizontal",
    "width": 200,
    "collapsed": true
  },
  "left-ribbon": {
    "hiddenItems": {
      "switcher:打开快速切换": false,
      "graph:查看关系图谱": false,
      "canvas:新建白板": false,
      "daily-notes:打开/创建今天的日记": false,
      "templates:插入模板": false,
      "command-palette:打开命令面板": false
    }
  },
  "active": "a2107e27a40c947f",
  "lastOpenFiles": [
    "条目/565.md",
    "条目/460.md",
    "条目/134.md",
    "条目/66.md",
    "条目/574.md",
    "游玩人物卡/人物卡.md",
    "游玩人物卡/开始.md",
    "！！！玩前首先看这里！！！.md",
    "地点/埃及地点.md",
    "条目/149.md",
    "条目/296.md",
    "游玩人物卡/【NPC】贾哈克教授.pdf",
    "游玩人物卡/【复制后使用】【NPC】贾哈克教授.pdf",
    "额外材料/【复制后使用】【NPC】贾哈克教授.pdf",
    "额外材料/【复制后使用】莱迪亚·劳.pdf",
    "额外材料/【复制后使用】格吕内瓦尔德教授.pdf",
    "额外材料/【复制后使用】厄内斯特·霍尔特.pdf",
    "额外材料/【复制后使用】德文·威尔逊.pdf",
    "白板/日志.canvas",
    "游玩人物卡/规则参考.md",
    "白板/未命名.canvas",
    "白板/未命名 1.canvas",
    "白板",
    "新建文件夹",
    "游玩人物卡/莱迪亚·劳.pdf",
    "未命名 1.canvas",
    "额外材料/厄内斯特·霍尔特.png",
    "游玩人物卡/提示.md",
    "游玩人物卡/剧终.md",
    "地点/阿卡姆地点.md",
    "地点/黑暗海域号.md",
    "条目/306.md",
    "条目/480.md",
    "地点/南极地点.md",
    "地点/不来梅地点.md",
    "地点/雅典地点.md",
    "地点/纽约地点.md",
    "地点/丘纳德客轮.md",
    "地点/波士顿地点.md",
    "条目/195.md",
    "地点/地点总表.md",
    "额外材料/向曾经是“杰弗里斯”的东西投掷炸药.png",
    "额外材料/南极一部地图.png",
    "额外材料/旧日之城一部地图.png",
    "额外材料/黑暗海域号.png",
    "额外材料/调查表.png",
    "额外材料/德文·威尔逊上尉.png",
    "额外材料/藏身救生艇.png",
    "额外材料/八方向交叉口示意图.png",
    "向曾经是“杰弗里斯”的东西投掷炸药.png"
  ]
}